{"cameraMode":{"drawMode":0,"name":"Shaded","section":"Shading Mode"},"sceneLighting":true,"audioPlay":false,"sceneViewState":{"m_AlwaysRefresh":false,"showFog":true,"showSkybox":true,"showFlares":true,"showImageEffects":true,"showParticleSystems":true,"showVisualEffectGraphs":true,"m_FxEnabled":true},"in2DMode":false,"pivot":{"x":138.09991455078126,"y":-44.722007751464847,"z":201.46397399902345},"rotation":{"x":-0.2664965093135834,"y":-0.29707279801368716,"z":0.09007485955953598,"w":-0.9129713177680969},"size":136.48739624023438,"orthographic":false}