{"cameraMode":{"drawMode":0,"name":"Shaded","section":"Shading Mode"},"sceneLighting":true,"audioPlay":false,"sceneViewState":{"m_AlwaysRefresh":false,"showFog":true,"showSkybox":true,"showFlares":true,"showImageEffects":true,"showParticleSystems":true,"showVisualEffectGraphs":true,"m_FxEnabled":true},"in2DMode":false,"pivot":{"x":7.841383934020996,"y":54.04511642456055,"z":0.47726303339004519},"rotation":{"x":-0.09729834645986557,"y":-0.08223024755716324,"z":0.008833123371005059,"w":-0.9922587275505066},"size":0.18071983754634858,"orthographic":false}