{"cameraMode":{"drawMode":0,"name":"Shaded","section":"Shading Mode"},"sceneLighting":true,"audioPlay":false,"sceneViewState":{"m_AlwaysRefresh":false,"showFog":true,"showSkybox":true,"showFlares":true,"showImageEffects":true,"showParticleSystems":true,"showVisualEffectGraphs":true,"m_FxEnabled":true},"in2DMode":false,"pivot":{"x":-1.0581138134002686,"y":54.148494720458987,"z":-1.2083252668380738},"rotation":{"x":-0.031705405563116077,"y":-0.0454757995903492,"z":0.0031674818601459266,"w":-0.9988940358161926},"size":0.12160718441009522,"orthographic":false}